{
  "formatVersion": 2,
  "appVersion": "0.100.0",
  "files": [
    {
      "isClone": false,
      "noteId": "4ZGqJpmv7RxW",
      "notePath": [
        "4ZGqJpmv7RxW"
      ],
      "type": "text",
      "mime": "text/html",
      "format": "markdown",
      "title": "Vorlesung 1 Vektorraeume Unterraeume",
      "notePosition": 10,
      "prefix": null,
      "isExpanded": true,
      "dataFileName": "Vorlesung_1_Vektorraeume_Unterraeume.md",
      "dirFileName": "Vorlesung_1_Vektorraeume_Unterraeume",
      "attributes": [],
      "children": [
        {
          "isClone": false,
          "noteId": "HfSr04dxmAjg",
          "notePath": [
            "4ZGqJpmv7RxW",
            "HfSr04dxmAjg"
          ],
          "title": "Electrical_Circuit_Network",
          "type": "canvas",
          "mime": "application/json",
          "dataFileName": "Vorlesung_1_Vektorraeume_Unterraeume_p1_Electrical_Circuit_Network.excalidraw",
          "notePosition": 10,
          "prefix": null,
          "isExpanded": false,
          "attributes": [],
          "children": [],
          "attachments": []
        },
        {
          "isClone": false,
          "noteId": "UN3TuxOWWrRg",
          "notePath": [
            "4ZGqJpmv7RxW",
            "UN3TuxOWWrRg"
          ],
          "title": "2D_Coordinate_System_Point_ab",
          "type": "canvas",
          "mime": "application/json",
          "dataFileName": "Vorlesung_1_Vektorraeume_Unterraeume_p2_2D_Coordinate_System_Point_ab.excalidraw",
          "notePosition": 10,
          "prefix": null,
          "isExpanded": false,
          "attributes": [],
          "children": [],
          "attachments": []
        },
        {
          "isClone": false,
          "noteId": "ZC9iFYpCpGGu",
          "notePath": [
            "4ZGqJpmv7RxW",
            "ZC9iFYpCpGGu"
          ],
          "title": "3D_Coordinate_System_Point_abc",
          "type": "canvas",
          "mime": "application/json",
          "dataFileName": "Vorlesung_1_Vektorraeume_Unterraeume_p2_3D_Coordinate_System_Point_abc.excalidraw",
          "notePosition": 10,
          "prefix": null,
          "isExpanded": false,
          "attributes": [],
          "children": [],
          "attachments": []
        },
        {
          "isClone": false,
          "noteId": "eyTGbCb6L302",
          "notePath": [
            "4ZGqJpmv7RxW",
            "eyTGbCb6L302"
          ],
          "title": "3D_Vector_Example_234",
          "type": "canvas",
          "mime": "application/json",
          "dataFileName": "Vorlesung_1_Vektorraeume_Unterraeume_p2_3D_Vector_Example_234.excalidraw",
          "notePosition": 10,
          "prefix": null,
          "isExpanded": false,
          "attributes": [],
          "children": [],
          "attachments": []
        },
        {
          "isClone": false,
          "noteId": "RLnew42bk7o9",
          "notePath": [
            "4ZGqJpmv7RxW",
            "RLnew42bk7o9"
          ],
          "title": "MaxNorm_UnitSquare",
          "type": "canvas",
          "mime": "application/json",
          "dataFileName": "Vorlesung_1_Vektorraeume_Unterraeume_p3_MaxNorm_UnitSquare.excalidraw",
          "notePosition": 10,
          "prefix": null,
          "isExpanded": false,
          "attributes": [],
          "children": [],
          "attachments": []
        },
        {
          "isClone": false,
          "noteId": "G0j4kbmLqo0J",
          "notePath": [
            "4ZGqJpmv7RxW",
            "G0j4kbmLqo0J"
          ],
          "title": "Subspace_U_Line",
          "type": "canvas",
          "mime": "application/json",
          "dataFileName": "Vorlesung_1_Vektorraeume_Unterraeume_p3_Subspace_U_Line.excalidraw",
          "notePosition": 10,
          "prefix": null,
          "isExpanded": false,
          "attributes": [],
          "children": [],
          "attachments": []
        },
        {
          "isClone": false,
          "noteId": "M4R9CXUzK5eY",
          "notePath": [
            "4ZGqJpmv7RxW",
            "M4R9CXUzK5eY"
          ],
          "title": "CoordinatePoint",
          "type": "canvas",
          "mime": "application/json",
          "dataFileName": "Vorlesung_1_Vektorraeume_Unterraeume_p3_CoordinatePoint.excalidraw",
          "notePosition": 10,
          "prefix": null,
          "isExpanded": false,
          "attributes": [],
          "children": [],
          "attachments": []
        },
        {
          "isClone": false,
          "noteId": "KSOTiKuFmJxL",
          "notePath": [
            "4ZGqJpmv7RxW",
            "KSOTiKuFmJxL"
          ],
          "title": "UnionOfAxes_W",
          "type": "canvas",
          "mime": "application/json",
          "dataFileName": "Vorlesung_1_Vektorraeume_Unterraeume_p3_UnionOfAxes_W.excalidraw",
          "notePosition": 10,
          "prefix": null,
          "isExpanded": false,
          "attributes": [],
          "children": [],
          "attachments": []
        },
        {
          "isClone": false,
          "noteId": "3f7ecVSfKtpJ",
          "notePath": [
            "4ZGqJpmv7RxW",
            "3f7ecVSfKtpJ"
          ],
          "title": "AffineLine_B_Counterexample",
          "type": "canvas",
          "mime": "application/json",
          "dataFileName": "Vorlesung_1_Vektorraeume_Unterraeume_p3_AffineLine_B_Counterexample.excalidraw",
          "notePosition": 10,
          "prefix": null,
          "isExpanded": false,
          "attributes": [],
          "children": [],
          "attachments": []
        }
      ],
      "attachments": []
    }
  ]
}