{
  "formatVersion": 2,
  "appVersion": "0.100.0",
  "files": [
    {
      "isClone": false,
      "noteId": "8AmnhfFsjffI",
      "notePath": [
        "8AmnhfFsjffI"
      ],
      "type": "text",
      "mime": "text/html",
      "format": "markdown",
      "title": "Skript_LEN_WiSe2526_Kapitel_05_ILIAS",
      "notePosition": 10,
      "prefix": null,
      "isExpanded": true,
      "dataFileName": "Skript_LEN_WiSe2526_Kapitel_05_ILIAS.md",
      "dirFileName": "Skript_LEN_WiSe2526_Kapitel_05_ILIAS",
      "attributes": [],
      "children": [
        {
          "isClone": false,
          "noteId": "01cM1oD28odz",
          "notePath": [
            "8AmnhfFsjffI",
            "01cM1oD28odz"
          ],
          "title": "Zeigerdiagramm Induktive Last",
          "type": "canvas",
          "mime": "application/json",
          "dataFileName": "ZeigerdiagrammInduktiveLast_KrjI.excalidraw",
          "notePosition": 10,
          "prefix": null,
          "isExpanded": false,
          "attributes": [],
          "children": [],
          "attachments": []
        },
        {
          "isClone": false,
          "noteId": "8PSJIGedCd0k",
          "notePath": [
            "8AmnhfFsjffI",
            "8PSJIGedCd0k"
          ],
          "title": "Zeigerdiagramm Kapazitive Last",
          "type": "canvas",
          "mime": "application/json",
          "dataFileName": "ZeigerdiagrammKapazitiveLast_xg4i.excalidraw",
          "notePosition": 10,
          "prefix": null,
          "isExpanded": false,
          "attributes": [],
          "children": [],
          "attachments": []
        },
        {
          "isClone": false,
          "noteId": "7SeiHIQpYHjr",
          "notePath": [
            "8AmnhfFsjffI",
            "7SeiHIQpYHjr"
          ],
          "title": "Zeitverlauf von Leistung p(t), Spannung u(t) und Strom i(t)",
          "type": "canvas",
          "mime": "application/json",
          "dataFileName": "ZeitverlaufvonLeistungptSpannu_71KS.excalidraw",
          "notePosition": 10,
          "prefix": null,
          "isExpanded": false,
          "attributes": [],
          "children": [],
          "attachments": []
        }
      ],
      "attachments": []
    }
  ]
}