{
  "formatVersion": 2,
  "appVersion": "0.100.0",
  "files": [
    {
      "isClone": false,
      "noteId": "O55PmoLYqLZT",
      "notePath": [
        "O55PmoLYqLZT"
      ],
      "type": "text",
      "mime": "text/html",
      "format": "markdown",
      "title": "V 20-21 Riemann integral, partielle Integration, Substitution",
      "notePosition": 10,
      "prefix": null,
      "isExpanded": true,
      "dataFileName": "V_20-21_Riemann_integral__partielle_Integration__Substitution.md",
      "dirFileName": "V_20-21_Riemann_integral__partielle_Integration__Substitution",
      "attributes": [],
      "children": [
        {
          "isClone": false,
          "noteId": "tQjlc6hqL90j",
          "notePath": [
            "O55PmoLYqLZT",
            "tQjlc6hqL90j"
          ],
          "title": "LineSegment_Zero_to_N",
          "type": "canvas",
          "mime": "application/json",
          "dataFileName": "V_20-21_Riemann_integral__partielle_Integration__Substitution_p1_LineSegment_Zero_to_N.excalidraw",
          "notePosition": 10,
          "prefix": null,
          "isExpanded": false,
          "attributes": [],
          "children": [],
          "attachments": []
        },
        {
          "isClone": false,
          "noteId": "GSjAgJpStVlK",
          "notePath": [
            "O55PmoLYqLZT",
            "GSjAgJpStVlK"
          ],
          "title": "Riemann_Function_Graph",
          "type": "canvas",
          "mime": "application/json",
          "dataFileName": "V_20-21_Riemann_integral__partielle_Integration__Substitution_p1_Riemann_Function_Graph.excalidraw",
          "notePosition": 10,
          "prefix": null,
          "isExpanded": false,
          "attributes": [],
          "children": [],
          "attachments": []
        },
        {
          "isClone": false,
          "noteId": "Xh4rrfpWDjii",
          "notePath": [
            "O55PmoLYqLZT",
            "Xh4rrfpWDjii"
          ],
          "title": "Refinement_Illustration",
          "type": "canvas",
          "mime": "application/json",
          "dataFileName": "V_20-21_Riemann_integral__partielle_Integration__Substitution_p1_Refinement_Illustration.excalidraw",
          "notePosition": 10,
          "prefix": null,
          "isExpanded": false,
          "attributes": [],
          "children": [],
          "attachments": []
        },
        {
          "isClone": false,
          "noteId": "VdRccr5n4mBQ",
          "notePath": [
            "O55PmoLYqLZT",
            "VdRccr5n4mBQ"
          ],
          "title": "Integral_Definition_Area",
          "type": "canvas",
          "mime": "application/json",
          "dataFileName": "V_20-21_Riemann_integral__partielle_Integration__Substitution_p1_Integral_Definition_Area.excalidraw",
          "notePosition": 10,
          "prefix": null,
          "isExpanded": false,
          "attributes": [],
          "children": [],
          "attachments": []
        },
        {
          "isClone": false,
          "noteId": "ClJ83wLkh3bJ",
          "notePath": [
            "O55PmoLYqLZT",
            "ClJ83wLkh3bJ"
          ],
          "title": "Riemann_Sum_Approximation",
          "type": "canvas",
          "mime": "application/json",
          "dataFileName": "V_20-21_Riemann_integral__partielle_Integration__Substitution_p1_Riemann_Sum_Approximation.excalidraw",
          "notePosition": 10,
          "prefix": null,
          "isExpanded": false,
          "attributes": [],
          "children": [],
          "attachments": []
        },
        {
          "isClone": false,
          "noteId": "3nismGy2JTKg",
          "notePath": [
            "O55PmoLYqLZT",
            "3nismGy2JTKg"
          ],
          "title": "Inequality_Graph",
          "type": "canvas",
          "mime": "application/json",
          "dataFileName": "V_20-21_Riemann_integral__partielle_Integration__Substitution_p2_Inequality_Graph.excalidraw",
          "notePosition": 10,
          "prefix": null,
          "isExpanded": false,
          "attributes": [],
          "children": [],
          "attachments": []
        },
        {
          "isClone": false,
          "noteId": "CmyJ20wk1D2P",
          "notePath": [
            "O55PmoLYqLZT",
            "CmyJ20wk1D2P"
          ],
          "title": "Interval_Split_Graph",
          "type": "canvas",
          "mime": "application/json",
          "dataFileName": "V_20-21_Riemann_integral__partielle_Integration__Substitution_p2_Interval_Split_Graph.excalidraw",
          "notePosition": 10,
          "prefix": null,
          "isExpanded": false,
          "attributes": [],
          "children": [],
          "attachments": []
        },
        {
          "isClone": false,
          "noteId": "Wp27QBO9I69s",
          "notePath": [
            "O55PmoLYqLZT",
            "Wp27QBO9I69s"
          ],
          "title": "Signed_Area_Graph",
          "type": "canvas",
          "mime": "application/json",
          "dataFileName": "V_20-21_Riemann_integral__partielle_Integration__Substitution_p2_Signed_Area_Graph.excalidraw",
          "notePosition": 10,
          "prefix": null,
          "isExpanded": false,
          "attributes": [],
          "children": [],
          "attachments": []
        },
        {
          "isClone": false,
          "noteId": "xTuYUmPO7JEM",
          "notePath": [
            "O55PmoLYqLZT",
            "xTuYUmPO7JEM"
          ],
          "title": "Small_Integral_Graph",
          "type": "canvas",
          "mime": "application/json",
          "dataFileName": "V_20-21_Riemann_integral__partielle_Integration__Substitution_p2_Small_Integral_Graph.excalidraw",
          "notePosition": 10,
          "prefix": null,
          "isExpanded": false,
          "attributes": [],
          "children": [],
          "attachments": []
        },
        {
          "isClone": false,
          "noteId": "mPjpR66GjbAg",
          "notePath": [
            "O55PmoLYqLZT",
            "mPjpR66GjbAg"
          ],
          "title": "Interaction_Graph_Main",
          "type": "canvas",
          "mime": "application/json",
          "dataFileName": "V_20-21_Riemann_integral__partielle_Integration__Substitution_p2_Interaction_Graph_Main.excalidraw",
          "notePosition": 10,
          "prefix": null,
          "isExpanded": false,
          "attributes": [],
          "children": [],
          "attachments": []
        },
        {
          "isClone": false,
          "noteId": "V6uAVKMAXkO3",
          "notePath": [
            "O55PmoLYqLZT",
            "V6uAVKMAXkO3"
          ],
          "title": "Green_Max_Area_Graph",
          "type": "canvas",
          "mime": "application/json",
          "dataFileName": "V_20-21_Riemann_integral__partielle_Integration__Substitution_p3_Green_Max_Area_Graph.excalidraw",
          "notePosition": 10,
          "prefix": null,
          "isExpanded": false,
          "attributes": [],
          "children": [],
          "attachments": []
        },
        {
          "isClone": false,
          "noteId": "WZZPZIftGuAo",
          "notePath": [
            "O55PmoLYqLZT",
            "WZZPZIftGuAo"
          ],
          "title": "Red_Max_Area_Graph",
          "type": "canvas",
          "mime": "application/json",
          "dataFileName": "V_20-21_Riemann_integral__partielle_Integration__Substitution_p3_Red_Max_Area_Graph.excalidraw",
          "notePosition": 10,
          "prefix": null,
          "isExpanded": false,
          "attributes": [],
          "children": [],
          "attachments": []
        }
      ],
      "attachments": []
    }
  ]
}