{
  "formatVersion": 2,
  "appVersion": "0.100.0",
  "files": [
    {
      "isClone": false,
      "noteId": "O7wlgrPGdLdn",
      "notePath": [
        "O7wlgrPGdLdn"
      ],
      "type": "text",
      "mime": "text/html",
      "format": "markdown",
      "title": "V3 Zeilenumarmungen, Zeilenstufenform, Zeilennormalform",
      "notePosition": 10,
      "prefix": null,
      "isExpanded": true,
      "dataFileName": "V3_Zeilenumarmungen__Zeilenstufenform__Zeilennormalform.md",
      "dirFileName": "V3_Zeilenumarmungen__Zeilenstufenform__Zeilennormalform",
      "attributes": [],
      "children": [
        {
          "isClone": false,
          "noteId": "GZSE0xTyEKeh",
          "notePath": [
            "O7wlgrPGdLdn",
            "GZSE0xTyEKeh"
          ],
          "title": "Diagram_1",
          "type": "canvas",
          "mime": "application/json",
          "dataFileName": "V3_Zeilenumarmungen__Zeilenstufenform__Zeilennormalform_p1_Diagram_1.excalidraw",
          "notePosition": 10,
          "prefix": null,
          "isExpanded": false,
          "attributes": [],
          "children": [],
          "attachments": []
        },
        {
          "isClone": false,
          "noteId": "i2vKLQeSB8ww",
          "notePath": [
            "O7wlgrPGdLdn",
            "i2vKLQeSB8ww"
          ],
          "title": "Stufenlinie_in_Matrix_C",
          "type": "canvas",
          "mime": "application/json",
          "dataFileName": "V3_Zeilenumarmungen__Zeilenstufenform__Zeilennormalform_p2_Stufenlinie_in_Matrix_C.excalidraw",
          "notePosition": 10,
          "prefix": null,
          "isExpanded": false,
          "attributes": [],
          "children": [],
          "attachments": []
        },
        {
          "isClone": false,
          "noteId": "aNS8WYU6TRqt",
          "notePath": [
            "O7wlgrPGdLdn",
            "aNS8WYU6TRqt"
          ],
          "title": "Diagram_1",
          "type": "canvas",
          "mime": "application/json",
          "dataFileName": "V3_Zeilenumarmungen__Zeilenstufenform__Zeilennormalform_p3_Diagram_1.excalidraw",
          "notePosition": 10,
          "prefix": null,
          "isExpanded": false,
          "attributes": [],
          "children": [],
          "attachments": []
        },
        {
          "isClone": false,
          "noteId": "RU59WQXt7Rzl",
          "notePath": [
            "O7wlgrPGdLdn",
            "RU59WQXt7Rzl"
          ],
          "title": "Diagram_2",
          "type": "canvas",
          "mime": "application/json",
          "dataFileName": "V3_Zeilenumarmungen__Zeilenstufenform__Zeilennormalform_p3_Diagram_2.excalidraw",
          "notePosition": 10,
          "prefix": null,
          "isExpanded": false,
          "attributes": [],
          "children": [],
          "attachments": []
        },
        {
          "isClone": false,
          "noteId": "coxbIEzgZKXR",
          "notePath": [
            "O7wlgrPGdLdn",
            "coxbIEzgZKXR"
          ],
          "title": "Diagram_3",
          "type": "canvas",
          "mime": "application/json",
          "dataFileName": "V3_Zeilenumarmungen__Zeilenstufenform__Zeilennormalform_p3_Diagram_3.excalidraw",
          "notePosition": 10,
          "prefix": null,
          "isExpanded": false,
          "attributes": [],
          "children": [],
          "attachments": []
        }
      ],
      "attachments": []
    }
  ]
}