{
  "formatVersion": 2,
  "appVersion": "0.100.0",
  "files": [
    {
      "isClone": false,
      "noteId": "iUrU02ApfGVu",
      "notePath": [
        "iUrU02ApfGVu"
      ],
      "type": "text",
      "mime": "text/html",
      "format": "markdown",
      "title": "Vorlesungen 16-17",
      "notePosition": 10,
      "prefix": null,
      "isExpanded": true,
      "dataFileName": "Vorlesungen_16-17.md",
      "dirFileName": "Vorlesungen_16-17",
      "attributes": [],
      "children": [
        {
          "isClone": false,
          "noteId": "DhmrOKjt8CdM",
          "notePath": [
            "iUrU02ApfGVu",
            "DhmrOKjt8CdM"
          ],
          "title": "Einheitskreis_Polardarstellung",
          "type": "canvas",
          "mime": "application/json",
          "dataFileName": "Vorlesungen_16-17_p2_Einheitskreis_Polardarstellung.excalidraw",
          "notePosition": 10,
          "prefix": null,
          "isExpanded": false,
          "attributes": [],
          "children": [],
          "attachments": []
        },
        {
          "isClone": false,
          "noteId": "1pHEEc44m3P9",
          "notePath": [
            "iUrU02ApfGVu",
            "1pHEEc44m3P9"
          ],
          "title": "Dreieck_Definition_Cos_Sin",
          "type": "canvas",
          "mime": "application/json",
          "dataFileName": "Vorlesungen_16-17_p2_Dreieck_Definition_Cos_Sin.excalidraw",
          "notePosition": 10,
          "prefix": null,
          "isExpanded": false,
          "attributes": [],
          "children": [],
          "attachments": []
        },
        {
          "isClone": false,
          "noteId": "I0wtuJi3xox9",
          "notePath": [
            "iUrU02ApfGVu",
            "I0wtuJi3xox9"
          ],
          "title": "Einheitskreis_Symmetrie_i",
          "type": "canvas",
          "mime": "application/json",
          "dataFileName": "Vorlesungen_16-17_p2_Einheitskreis_Symmetrie_i.excalidraw",
          "notePosition": 10,
          "prefix": null,
          "isExpanded": false,
          "attributes": [],
          "children": [],
          "attachments": []
        },
        {
          "isClone": false,
          "noteId": "ChX9kZtg7xFC",
          "notePath": [
            "iUrU02ApfGVu",
            "ChX9kZtg7xFC"
          ],
          "title": "Einheitskreis_Symmetrie_iv",
          "type": "canvas",
          "mime": "application/json",
          "dataFileName": "Vorlesungen_16-17_p2_Einheitskreis_Symmetrie_iv.excalidraw",
          "notePosition": 10,
          "prefix": null,
          "isExpanded": false,
          "attributes": [],
          "children": [],
          "attachments": []
        },
        {
          "isClone": false,
          "noteId": "4GQkXpwsgOgQ",
          "notePath": [
            "iUrU02ApfGVu",
            "4GQkXpwsgOgQ"
          ],
          "title": "Triangle_Pi4",
          "type": "canvas",
          "mime": "application/json",
          "dataFileName": "Vorlesungen_16-17_p3_Triangle_Pi4.excalidraw",
          "notePosition": 10,
          "prefix": null,
          "isExpanded": false,
          "attributes": [],
          "children": [],
          "attachments": []
        },
        {
          "isClone": false,
          "noteId": "vEuP8o82m5ve",
          "notePath": [
            "iUrU02ApfGVu",
            "vEuP8o82m5ve"
          ],
          "title": "Triangle_Pi3",
          "type": "canvas",
          "mime": "application/json",
          "dataFileName": "Vorlesungen_16-17_p3_Triangle_Pi3.excalidraw",
          "notePosition": 10,
          "prefix": null,
          "isExpanded": false,
          "attributes": [],
          "children": [],
          "attachments": []
        },
        {
          "isClone": false,
          "noteId": "IhGNrqEUayAu",
          "notePath": [
            "iUrU02ApfGVu",
            "IhGNrqEUayAu"
          ],
          "title": "RestrictedCosine",
          "type": "canvas",
          "mime": "application/json",
          "dataFileName": "Vorlesungen_16-17_p3_RestrictedCosine.excalidraw",
          "notePosition": 10,
          "prefix": null,
          "isExpanded": false,
          "attributes": [],
          "children": [],
          "attachments": []
        },
        {
          "isClone": false,
          "noteId": "LzMZek3c19Cb",
          "notePath": [
            "iUrU02ApfGVu",
            "LzMZek3c19Cb"
          ],
          "title": "Arccosine",
          "type": "canvas",
          "mime": "application/json",
          "dataFileName": "Vorlesungen_16-17_p3_Arccosine.excalidraw",
          "notePosition": 10,
          "prefix": null,
          "isExpanded": false,
          "attributes": [],
          "children": [],
          "attachments": []
        },
        {
          "isClone": false,
          "noteId": "rHxIdGvkP0Kj",
          "notePath": [
            "iUrU02ApfGVu",
            "rHxIdGvkP0Kj"
          ],
          "title": "RestrictedSineGraph",
          "type": "canvas",
          "mime": "application/json",
          "dataFileName": "Vorlesungen_16-17_p4_RestrictedSineGraph.excalidraw",
          "notePosition": 10,
          "prefix": null,
          "isExpanded": false,
          "attributes": [],
          "children": [],
          "attachments": []
        },
        {
          "isClone": false,
          "noteId": "7mcUWtsCHonN",
          "notePath": [
            "iUrU02ApfGVu",
            "7mcUWtsCHonN"
          ],
          "title": "ArcSineGraph",
          "type": "canvas",
          "mime": "application/json",
          "dataFileName": "Vorlesungen_16-17_p4_ArcSineGraph.excalidraw",
          "notePosition": 10,
          "prefix": null,
          "isExpanded": false,
          "attributes": [],
          "children": [],
          "attachments": []
        },
        {
          "isClone": false,
          "noteId": "VpllIlRXXTct",
          "notePath": [
            "iUrU02ApfGVu",
            "VpllIlRXXTct"
          ],
          "title": "UnitCircleTan",
          "type": "canvas",
          "mime": "application/json",
          "dataFileName": "Vorlesungen_16-17_p4_UnitCircleTan.excalidraw",
          "notePosition": 10,
          "prefix": null,
          "isExpanded": false,
          "attributes": [],
          "children": [],
          "attachments": []
        },
        {
          "isClone": false,
          "noteId": "cOEuOLTyyN1d",
          "notePath": [
            "iUrU02ApfGVu",
            "cOEuOLTyyN1d"
          ],
          "title": "TanGraph",
          "type": "canvas",
          "mime": "application/json",
          "dataFileName": "Vorlesungen_16-17_p4_TanGraph.excalidraw",
          "notePosition": 10,
          "prefix": null,
          "isExpanded": false,
          "attributes": [],
          "children": [],
          "attachments": []
        },
        {
          "isClone": false,
          "noteId": "8DtBy3UaStnP",
          "notePath": [
            "iUrU02ApfGVu",
            "8DtBy3UaStnP"
          ],
          "title": "ArcTanGraph",
          "type": "canvas",
          "mime": "application/json",
          "dataFileName": "Vorlesungen_16-17_p4_ArcTanGraph.excalidraw",
          "notePosition": 10,
          "prefix": null,
          "isExpanded": false,
          "attributes": [],
          "children": [],
          "attachments": []
        },
        {
          "isClone": false,
          "noteId": "4QHKKRHb1CwB",
          "notePath": [
            "iUrU02ApfGVu",
            "4QHKKRHb1CwB"
          ],
          "title": "Complex_Plane_Arccos_Illustration",
          "type": "canvas",
          "mime": "application/json",
          "dataFileName": "Vorlesungen_16-17_p5_Complex_Plane_Arccos_Illustration.excalidraw",
          "notePosition": 10,
          "prefix": null,
          "isExpanded": false,
          "attributes": [],
          "children": [],
          "attachments": []
        }
      ],
      "attachments": []
    }
  ]
}