{
  "formatVersion": 2,
  "appVersion": "0.100.0",
  "files": [
    {
      "isClone": false,
      "noteId": "SLWsJHdB6asT",
      "notePath": [
        "SLWsJHdB6asT"
      ],
      "type": "text",
      "mime": "text/html",
      "format": "markdown",
      "title": "Vorlesung 2 Linearkombinationen, linearer Aufspann, lineare Unabhaengigkeit",
      "notePosition": 10,
      "prefix": null,
      "isExpanded": true,
      "dataFileName": "Vorlesung_2_Linearkombinationen__linearer_Aufspann__lineare_Unabhaengigkeit.md",
      "dirFileName": "Vorlesung_2_Linearkombinationen__linearer_Aufspann__lineare_Unabhaengigkeit",
      "attributes": [],
      "children": [
        {
          "isClone": false,
          "noteId": "IVkJSOkCFyup",
          "notePath": [
            "SLWsJHdB6asT",
            "IVkJSOkCFyup"
          ],
          "title": "VektorAddition_R2",
          "type": "canvas",
          "mime": "application/json",
          "dataFileName": "Vorlesung_2_Linearkombinationen__linearer_Aufspann__lineare_Unabhaengigkeit_p1_VektorAddition_R2.excalidraw",
          "notePosition": 10,
          "prefix": null,
          "isExpanded": false,
          "attributes": [],
          "children": [],
          "attachments": []
        },
        {
          "isClone": false,
          "noteId": "IRQTvJbLyhpt",
          "notePath": [
            "SLWsJHdB6asT",
            "IRQTvJbLyhpt"
          ],
          "title": "PlaneSpannedByVectors",
          "type": "canvas",
          "mime": "application/json",
          "dataFileName": "Vorlesung_2_Linearkombinationen__linearer_Aufspann__lineare_Unabhaengigkeit_p1_PlaneSpannedByVectors.excalidraw",
          "notePosition": 10,
          "prefix": null,
          "isExpanded": false,
          "attributes": [],
          "children": [],
          "attachments": []
        },
        {
          "isClone": false,
          "noteId": "r1VUTwSeRywc",
          "notePath": [
            "SLWsJHdB6asT",
            "r1VUTwSeRywc"
          ],
          "title": "Pendulum_Force_Decomposition",
          "type": "canvas",
          "mime": "application/json",
          "dataFileName": "Vorlesung_2_Linearkombinationen__linearer_Aufspann__lineare_Unabhaengigkeit_p2_Pendulum_Force_Decomposition.excalidraw",
          "notePosition": 10,
          "prefix": null,
          "isExpanded": false,
          "attributes": [],
          "children": [],
          "attachments": []
        }
      ],
      "attachments": []
    }
  ]
}