{
  "formatVersion": 2,
  "appVersion": "0.100.0",
  "files": [
    {
      "isClone": false,
      "noteId": "nS7RUvYjI13n",
      "notePath": [
        "nS7RUvYjI13n"
      ],
      "type": "text",
      "mime": "text/html",
      "format": "markdown",
      "title": "V4 Basen Dimension",
      "notePosition": 10,
      "prefix": null,
      "isExpanded": true,
      "dataFileName": "V4_Basen_Dimension.md",
      "dirFileName": "V4_Basen_Dimension",
      "attributes": [],
      "children": [
        {
          "isClone": false,
          "noteId": "sHLiaR5xw2ON",
          "notePath": [
            "nS7RUvYjI13n",
            "sHLiaR5xw2ON"
          ],
          "title": "Circuit_NodeAnalysis",
          "type": "canvas",
          "mime": "application/json",
          "dataFileName": "V4_Basen_Dimension_p1_Circuit_NodeAnalysis.excalidraw",
          "notePosition": 10,
          "prefix": null,
          "isExpanded": false,
          "attributes": [],
          "children": [],
          "attachments": []
        },
        {
          "isClone": false,
          "noteId": "kMRPoGWtWutp",
          "notePath": [
            "nS7RUvYjI13n",
            "kMRPoGWtWutp"
          ],
          "title": "Pendulum_Vector_Decomposition",
          "type": "canvas",
          "mime": "application/json",
          "dataFileName": "V4_Basen_Dimension_p3_Pendulum_Vector_Decomposition.excalidraw",
          "notePosition": 10,
          "prefix": null,
          "isExpanded": false,
          "attributes": [],
          "children": [],
          "attachments": []
        }
      ],
      "attachments": []
    }
  ]
}