{
  "formatVersion": 2,
  "appVersion": "0.100.0",
  "files": [
    {
      "isClone": false,
      "noteId": "k3qUknaHqvzA",
      "notePath": [
        "k3qUknaHqvzA"
      ],
      "type": "text",
      "mime": "text/html",
      "format": "markdown",
      "title": "V6 Dimensionsformel Loesungsalgorithmus fuer LGS",
      "notePosition": 10,
      "prefix": null,
      "isExpanded": true,
      "dataFileName": "V6_Dimensionsformel_Loesungsalgorithmus_fuer_LGS.md",
      "dirFileName": "V6_Dimensionsformel_Loesungsalgorithmus_fuer_LGS",
      "attributes": [],
      "children": [],
      "attachments": []
    }
  ]
}