{
  "formatVersion": 2,
  "appVersion": "0.100.0",
  "files": [
    {
      "isClone": false,
      "noteId": "CP4kGaUkng4p",
      "notePath": [
        "CP4kGaUkng4p"
      ],
      "type": "text",
      "mime": "text/html",
      "format": "markdown",
      "title": "Skript_LEN_WiSe2526_Kapitel_06_ILIAS",
      "notePosition": 10,
      "prefix": null,
      "isExpanded": true,
      "dataFileName": "Skript_LEN_WiSe2526_Kapitel_06_ILIAS.md",
      "dirFileName": "Skript_LEN_WiSe2526_Kapitel_06_ILIAS",
      "attributes": [],
      "children": [
        {
          "isClone": false,
          "noteId": "oMz94leLPXQF",
          "notePath": [
            "CP4kGaUkng4p",
            "oMz94leLPXQF"
          ],
          "title": "RL Series Circuit",
          "type": "canvas",
          "mime": "application/json",
          "dataFileName": "RLSeriesCircuit_elld.excalidraw",
          "notePosition": 10,
          "prefix": null,
          "isExpanded": false,
          "attributes": [],
          "children": [],
          "attachments": []
        },
        {
          "isClone": false,
          "noteId": "sF5P8RwUHchj",
          "notePath": [
            "CP4kGaUkng4p",
            "sF5P8RwUHchj"
          ],
          "title": "Impedance Locus Curve Plot",
          "type": "canvas",
          "mime": "application/json",
          "dataFileName": "ImpedanceLocusCurvePlot_EJBF.excalidraw",
          "notePosition": 10,
          "prefix": null,
          "isExpanded": false,
          "attributes": [],
          "children": [],
          "attachments": []
        },
        {
          "isClone": false,
          "noteId": "mANVQrSYR0kF",
          "notePath": [
            "CP4kGaUkng4p",
            "mANVQrSYR0kF"
          ],
          "title": "Impedanz-Ortskurve RL",
          "type": "canvas",
          "mime": "application/json",
          "dataFileName": "ImpedanzOrtskurveRL_oIUT.excalidraw",
          "notePosition": 10,
          "prefix": null,
          "isExpanded": false,
          "attributes": [],
          "children": [],
          "attachments": []
        },
        {
          "isClone": false,
          "noteId": "W61djcOT8vMQ",
          "notePath": [
            "CP4kGaUkng4p",
            "W61djcOT8vMQ"
          ],
          "title": "Serienschaltung RC",
          "type": "canvas",
          "mime": "application/json",
          "dataFileName": "SerienschaltungRC_7ULy.excalidraw",
          "notePosition": 10,
          "prefix": null,
          "isExpanded": false,
          "attributes": [],
          "children": [],
          "attachments": []
        },
        {
          "isClone": false,
          "noteId": "4Wj1wKbLBnbO",
          "notePath": [
            "CP4kGaUkng4p",
            "4Wj1wKbLBnbO"
          ],
          "title": "Impedanz-Ortskurve RC",
          "type": "canvas",
          "mime": "application/json",
          "dataFileName": "ImpedanzOrtskurveRC_3scZ.excalidraw",
          "notePosition": 10,
          "prefix": null,
          "isExpanded": false,
          "attributes": [],
          "children": [],
          "attachments": []
        },
        {
          "isClone": false,
          "noteId": "PWDku1hyGfND",
          "notePath": [
            "CP4kGaUkng4p",
            "PWDku1hyGfND"
          ],
          "title": "Parallelschaltung aus R und C",
          "type": "canvas",
          "mime": "application/json",
          "dataFileName": "ParallelschaltungausRundC_kgDT.excalidraw",
          "notePosition": 10,
          "prefix": null,
          "isExpanded": false,
          "attributes": [],
          "children": [],
          "attachments": []
        },
        {
          "isClone": false,
          "noteId": "WIG5CMt45Y1q",
          "notePath": [
            "CP4kGaUkng4p",
            "WIG5CMt45Y1q"
          ],
          "title": "Ortskurve der Admittanz",
          "type": "canvas",
          "mime": "application/json",
          "dataFileName": "OrtskurvederAdmittanz_SilY.excalidraw",
          "notePosition": 10,
          "prefix": null,
          "isExpanded": false,
          "attributes": [],
          "children": [],
          "attachments": []
        },
        {
          "isClone": false,
          "noteId": "f6VEq6Var26u",
          "notePath": [
            "CP4kGaUkng4p",
            "f6VEq6Var26u"
          ],
          "title": "Ortskurve der Impedanz (RC-Glied)",
          "type": "canvas",
          "mime": "application/json",
          "dataFileName": "OrtskurvederImpedanzRCGlied_y0xe.excalidraw",
          "notePosition": 10,
          "prefix": null,
          "isExpanded": false,
          "attributes": [],
          "children": [],
          "attachments": []
        },
        {
          "isClone": false,
          "noteId": "3DH5IUiZlwQn",
          "notePath": [
            "CP4kGaUkng4p",
            "3DH5IUiZlwQn"
          ],
          "title": "Parallelschaltung R und L",
          "type": "canvas",
          "mime": "application/json",
          "dataFileName": "ParallelschaltungRundL_camR.excalidraw",
          "notePosition": 10,
          "prefix": null,
          "isExpanded": false,
          "attributes": [],
          "children": [],
          "attachments": []
        },
        {
          "isClone": false,
          "noteId": "s6PmO7bkuUS7",
          "notePath": [
            "CP4kGaUkng4p",
            "s6PmO7bkuUS7"
          ],
          "title": "Admittance Locus Diagram",
          "type": "canvas",
          "mime": "application/json",
          "dataFileName": "AdmittanceLocusDiagram_icAd.excalidraw",
          "notePosition": 10,
          "prefix": null,
          "isExpanded": false,
          "attributes": [],
          "children": [],
          "attachments": []
        },
        {
          "isClone": false,
          "noteId": "joORNURh9WMo",
          "notePath": [
            "CP4kGaUkng4p",
            "joORNURh9WMo"
          ],
          "title": "Impedance Locus Diagram",
          "type": "canvas",
          "mime": "application/json",
          "dataFileName": "ImpedanceLocusDiagram_JdMR.excalidraw",
          "notePosition": 10,
          "prefix": null,
          "isExpanded": false,
          "attributes": [],
          "children": [],
          "attachments": []
        },
        {
          "isClone": false,
          "noteId": "hBh1NVv04i7n",
          "notePath": [
            "CP4kGaUkng4p",
            "hBh1NVv04i7n"
          ],
          "title": "Einheitskreis Inversion",
          "type": "canvas",
          "mime": "application/json",
          "dataFileName": "EinheitskreisInversion_UfZK.excalidraw",
          "notePosition": 10,
          "prefix": null,
          "isExpanded": false,
          "attributes": [],
          "children": [],
          "attachments": []
        },
        {
          "isClone": false,
          "noteId": "QXiGfNeKNFJx",
          "notePath": [
            "CP4kGaUkng4p",
            "QXiGfNeKNFJx"
          ],
          "title": "Betrag und Argument Inversion",
          "type": "canvas",
          "mime": "application/json",
          "dataFileName": "BetragundArgumentInversion_wzSh.excalidraw",
          "notePosition": 10,
          "prefix": null,
          "isExpanded": false,
          "attributes": [],
          "children": [],
          "attachments": []
        },
        {
          "isClone": false,
          "noteId": "Rzazw3S4KAOn",
          "notePath": [
            "CP4kGaUkng4p",
            "Rzazw3S4KAOn"
          ],
          "title": "Inversion einer Ortskurve: Gerade zu Halbkreis",
          "type": "canvas",
          "mime": "application/json",
          "dataFileName": "InversioneinerOrtskurveGeradez_rcrH.excalidraw",
          "notePosition": 10,
          "prefix": null,
          "isExpanded": false,
          "attributes": [],
          "children": [],
          "attachments": []
        }
      ],
      "attachments": []
    }
  ]
}