{
  "formatVersion": 2,
  "appVersion": "0.100.0",
  "files": [
    {
      "isClone": false,
      "noteId": "dIqTrufqhm1Q",
      "notePath": [
        "dIqTrufqhm1Q"
      ],
      "type": "text",
      "mime": "text/html",
      "format": "markdown",
      "title": "Skript_LEN_WiSe2526_Kapitel_07_ILIAS",
      "notePosition": 10,
      "prefix": null,
      "isExpanded": true,
      "dataFileName": "Skript_LEN_WiSe2526_Kapitel_07_ILIAS.md",
      "dirFileName": "Skript_LEN_WiSe2526_Kapitel_07_ILIAS",
      "attributes": [],
      "children": [
        {
          "isClone": false,
          "noteId": "LjzB9MR6iL6S",
          "notePath": [
            "dIqTrufqhm1Q",
            "LjzB9MR6iL6S"
          ],
          "title": "Symmetrisches Zählpfeilsystem",
          "type": "canvas",
          "mime": "application/json",
          "dataFileName": "SymmetrischesZhlpfeilsystem_heEC.excalidraw",
          "notePosition": 10,
          "prefix": null,
          "isExpanded": false,
          "attributes": [],
          "children": [],
          "attachments": []
        },
        {
          "isClone": false,
          "noteId": "2rGqHaOWzbz4",
          "notePath": [
            "dIqTrufqhm1Q",
            "2rGqHaOWzbz4"
          ],
          "title": "Ketten-Zählpfeilsystem",
          "type": "canvas",
          "mime": "application/json",
          "dataFileName": "KettenZhlpfeilsystem_643e.excalidraw",
          "notePosition": 10,
          "prefix": null,
          "isExpanded": false,
          "attributes": [],
          "children": [],
          "attachments": []
        },
        {
          "isClone": false,
          "noteId": "1pytGu573XZE",
          "notePath": [
            "dIqTrufqhm1Q",
            "1pytGu573XZE"
          ],
          "title": "Idealer Transformator Schaltbild",
          "type": "canvas",
          "mime": "application/json",
          "dataFileName": "IdealerTransformatorSchaltbild_qg8Q.excalidraw",
          "notePosition": 10,
          "prefix": null,
          "isExpanded": false,
          "attributes": [],
          "children": [],
          "attachments": []
        },
        {
          "isClone": false,
          "noteId": "sM6DnefTSb5V",
          "notePath": [
            "dIqTrufqhm1Q",
            "sM6DnefTSb5V"
          ],
          "title": "Impedanztransformation Schaltbild",
          "type": "canvas",
          "mime": "application/json",
          "dataFileName": "ImpedanztransformationSchaltbi_8pde.excalidraw",
          "notePosition": 10,
          "prefix": null,
          "isExpanded": false,
          "attributes": [],
          "children": [],
          "attachments": []
        },
        {
          "isClone": false,
          "noteId": "sHGd0q7pQVZ9",
          "notePath": [
            "dIqTrufqhm1Q",
            "sHGd0q7pQVZ9"
          ],
          "title": "Two conductor loops with mutual inductance",
          "type": "canvas",
          "mime": "application/json",
          "dataFileName": "Twoconductorloopswithmutualind_TIMs.excalidraw",
          "notePosition": 10,
          "prefix": null,
          "isExpanded": false,
          "attributes": [],
          "children": [],
          "attachments": []
        },
        {
          "isClone": false,
          "noteId": "5WmfTGIVjkyH",
          "notePath": [
            "dIqTrufqhm1Q",
            "5WmfTGIVjkyH"
          ],
          "title": "Transformer Construction and Winding Schematics",
          "type": "canvas",
          "mime": "application/json",
          "dataFileName": "TransformerConstructionandWind_te2j.excalidraw",
          "notePosition": 10,
          "prefix": null,
          "isExpanded": false,
          "attributes": [],
          "children": [],
          "attachments": []
        },
        {
          "isClone": false,
          "noteId": "4YhMo5EyzPZ6",
          "notePath": [
            "dIqTrufqhm1Q",
            "4YhMo5EyzPZ6"
          ],
          "title": "Magnetic Flux Linkage Feedback Loop",
          "type": "canvas",
          "mime": "application/json",
          "dataFileName": "MagneticFluxLinkageFeedbackLoo_AQUb.excalidraw",
          "notePosition": 10,
          "prefix": null,
          "isExpanded": false,
          "attributes": [],
          "children": [],
          "attachments": []
        },
        {
          "isClone": false,
          "noteId": "CTUdsA7eXqz0",
          "notePath": [
            "dIqTrufqhm1Q",
            "CTUdsA7eXqz0"
          ],
          "title": "Transformator-Modell mit magnetischen Flüssen",
          "type": "canvas",
          "mime": "application/json",
          "dataFileName": "TransformatorModellmitmagnetis_65Hp.excalidraw",
          "notePosition": 10,
          "prefix": null,
          "isExpanded": false,
          "attributes": [],
          "children": [],
          "attachments": []
        },
        {
          "isClone": false,
          "noteId": "XUBSs3o2lMTK",
          "notePath": [
            "dIqTrufqhm1Q",
            "XUBSs3o2lMTK"
          ],
          "title": "Verlustloser Transformator Ersatzschaltbild",
          "type": "canvas",
          "mime": "application/json",
          "dataFileName": "VerlustloserTransformatorErsat_pJDW.excalidraw",
          "notePosition": 10,
          "prefix": null,
          "isExpanded": false,
          "attributes": [],
          "children": [],
          "attachments": []
        },
        {
          "isClone": false,
          "noteId": "r0uU3VFiNel8",
          "notePath": [
            "dIqTrufqhm1Q",
            "r0uU3VFiNel8"
          ],
          "title": "T-Ersatzschaltung",
          "type": "canvas",
          "mime": "application/json",
          "dataFileName": "TErsatzschaltung_FZ1m.excalidraw",
          "notePosition": 10,
          "prefix": null,
          "isExpanded": false,
          "attributes": [],
          "children": [],
          "attachments": []
        },
        {
          "isClone": false,
          "noteId": "aScsC9QhXpVi",
          "notePath": [
            "dIqTrufqhm1Q",
            "aScsC9QhXpVi"
          ],
          "title": "T-Ersatzschaltbild mit Streuung und Kupferverlusten",
          "type": "canvas",
          "mime": "application/json",
          "dataFileName": "TErsatzschaltbildmitStreuungun_wPrm.excalidraw",
          "notePosition": 10,
          "prefix": null,
          "isExpanded": false,
          "attributes": [],
          "children": [],
          "attachments": []
        },
        {
          "isClone": false,
          "noteId": "1kPG65y37nq9",
          "notePath": [
            "dIqTrufqhm1Q",
            "1kPG65y37nq9"
          ],
          "title": "Ersatzschaltbild_Transformator",
          "type": "canvas",
          "mime": "application/json",
          "dataFileName": "ErsatzschaltbildTransformator_di4X.excalidraw",
          "notePosition": 10,
          "prefix": null,
          "isExpanded": false,
          "attributes": [],
          "children": [],
          "attachments": []
        },
        {
          "isClone": false,
          "noteId": "KrzqpZ4pms6D",
          "notePath": [
            "dIqTrufqhm1Q",
            "KrzqpZ4pms6D"
          ],
          "title": "Ersatzschaltbild_Transformator_mit_Verlusten",
          "type": "canvas",
          "mime": "application/json",
          "dataFileName": "ErsatzschaltbildTransformatorm_OnuF.excalidraw",
          "notePosition": 10,
          "prefix": null,
          "isExpanded": false,
          "attributes": [],
          "children": [],
          "attachments": []
        },
        {
          "isClone": false,
          "noteId": "1babFIDH4iOi",
          "notePath": [
            "dIqTrufqhm1Q",
            "1babFIDH4iOi"
          ],
          "title": "Schaltplan eines Transformators mit Lastimpedanz",
          "type": "canvas",
          "mime": "application/json",
          "dataFileName": "SchaltplaneinesTransformatorsm_xp9I.excalidraw",
          "notePosition": 10,
          "prefix": null,
          "isExpanded": false,
          "attributes": [],
          "children": [],
          "attachments": []
        }
      ],
      "attachments": []
    }
  ]
}