{
  "formatVersion": 2,
  "appVersion": "0.100.0",
  "files": [
    {
      "isClone": false,
      "noteId": "jePtsEaxi4kD",
      "notePath": [
        "jePtsEaxi4kD"
      ],
      "type": "text",
      "mime": "text/html",
      "format": "markdown",
      "title": "V7 Matrixprodukt invertierbare Matrizen",
      "notePosition": 10,
      "prefix": null,
      "isExpanded": true,
      "dataFileName": "V7_Matrixprodukt_invertierbare_Matrizen.md",
      "dirFileName": "V7_Matrixprodukt_invertierbare_Matrizen",
      "attributes": [],
      "children": [],
      "attachments": []
    }
  ]
}