{
  "formatVersion": 2,
  "appVersion": "0.100.0",
  "files": [
    {
      "isClone": false,
      "noteId": "CtyBQBmm4i0J",
      "notePath": [
        "CtyBQBmm4i0J"
      ],
      "type": "text",
      "mime": "text/html",
      "format": "markdown",
      "title": "V9-V10 Determinanten und Bedeutung davon, Cramersche Regel",
      "notePosition": 10,
      "prefix": null,
      "isExpanded": true,
      "dataFileName": "V9-V10_Determinanten_und_Bedeutung_davon__Cramersche_Regel.md",
      "dirFileName": "V9-V10_Determinanten_und_Bedeutung_davon__Cramersche_Regel",
      "attributes": [],
      "children": [
        {
          "isClone": false,
          "noteId": "K70D2W3aG5xl",
          "notePath": [
            "CtyBQBmm4i0J",
            "K70D2W3aG5xl"
          ],
          "title": "Parallelogramm aus Vektoren a und b",
          "type": "canvas",
          "mime": "application/json",
          "dataFileName": "ParallelogrammausVektorenaundb_c8GE.excalidraw",
          "notePosition": 10,
          "prefix": null,
          "isExpanded": false,
          "attributes": [],
          "children": [],
          "attachments": []
        },
        {
          "isClone": false,
          "noteId": "CR86rjmrFKDM",
          "notePath": [
            "CtyBQBmm4i0J",
            "CR86rjmrFKDM"
          ],
          "title": "Parallelogramme mit Basis ||b|| und Höhe h",
          "type": "canvas",
          "mime": "application/json",
          "dataFileName": "ParallelogrammemitBasisbundHhe_r9SG.excalidraw",
          "notePosition": 10,
          "prefix": null,
          "isExpanded": false,
          "attributes": [],
          "children": [],
          "attachments": []
        },
        {
          "isClone": false,
          "noteId": "MnrqdIKOoEAV",
          "notePath": [
            "CtyBQBmm4i0J",
            "MnrqdIKOoEAV"
          ],
          "title": "Einheitsquadrat",
          "type": "canvas",
          "mime": "application/json",
          "dataFileName": "Einheitsquadrat_wNfN.excalidraw",
          "notePosition": 10,
          "prefix": null,
          "isExpanded": false,
          "attributes": [],
          "children": [],
          "attachments": []
        },
        {
          "isClone": false,
          "noteId": "oDuy5hGZlcT7",
          "notePath": [
            "CtyBQBmm4i0J",
            "oDuy5hGZlcT7"
          ],
          "title": "Skaliertes Parallelogramm",
          "type": "canvas",
          "mime": "application/json",
          "dataFileName": "SkaliertesParallelogramm_9E3f.excalidraw",
          "notePosition": 10,
          "prefix": null,
          "isExpanded": false,
          "attributes": [],
          "children": [],
          "attachments": []
        }
      ],
      "attachments": []
    }
  ]
}