{
  "formatVersion": 2,
  "appVersion": "0.100.0",
  "files": [
    {
      "isClone": false,
      "noteId": "ITvmLnQxrqvY",
      "notePath": [
        "ITvmLnQxrqvY"
      ],
      "type": "text",
      "mime": "text/html",
      "format": "markdown",
      "title": "Skript_LEN_WiSe2526_Kapitel_03_ILIAS",
      "notePosition": 10,
      "prefix": null,
      "isExpanded": true,
      "dataFileName": "Skript_LEN_WiSe2526_Kapitel_03_ILIAS.md",
      "dirFileName": "Skript_LEN_WiSe2526_Kapitel_03_ILIAS",
      "attributes": [],
      "children": [
        {
          "isClone": false,
          "noteId": "Gi67UBF31jG0",
          "notePath": [
            "ITvmLnQxrqvY",
            "Gi67UBF31jG0"
          ],
          "title": "Pinbelegung Operationsverstärker (DIP-8)",
          "type": "canvas",
          "mime": "application/json",
          "dataFileName": "PinbelegungOperationsverstrker_tQKZ.excalidraw",
          "notePosition": 10,
          "prefix": null,
          "isExpanded": false,
          "attributes": [],
          "children": [],
          "attachments": []
        },
        {
          "isClone": false,
          "noteId": "6dj1beuJrHMN",
          "notePath": [
            "ITvmLnQxrqvY",
            "6dj1beuJrHMN"
          ],
          "title": "Schaltsymbol Operationsverstärker",
          "type": "canvas",
          "mime": "application/json",
          "dataFileName": "SchaltsymbolOperationsverstrke_YiRN.excalidraw",
          "notePosition": 10,
          "prefix": null,
          "isExpanded": false,
          "attributes": [],
          "children": [],
          "attachments": []
        },
        {
          "isClone": false,
          "noteId": "L2K8KwHDaAPM",
          "notePath": [
            "ITvmLnQxrqvY",
            "L2K8KwHDaAPM"
          ],
          "title": "Grundschaltung Operationsverstärker",
          "type": "canvas",
          "mime": "application/json",
          "dataFileName": "GrundschaltungOperationsverstr_BHIf.excalidraw",
          "notePosition": 10,
          "prefix": null,
          "isExpanded": false,
          "attributes": [],
          "children": [],
          "attachments": []
        },
        {
          "isClone": false,
          "noteId": "Z6SGObUBTvZH",
          "notePath": [
            "ITvmLnQxrqvY",
            "Z6SGObUBTvZH"
          ],
          "title": "Kennlinie Grundschaltung (Ua vs Ud)",
          "type": "canvas",
          "mime": "application/json",
          "dataFileName": "KennlinieGrundschaltungUavsUd_vcfQ.excalidraw",
          "notePosition": 10,
          "prefix": null,
          "isExpanded": false,
          "attributes": [],
          "children": [],
          "attachments": []
        },
        {
          "isClone": false,
          "noteId": "GjNcBkNZGEdK",
          "notePath": [
            "ITvmLnQxrqvY",
            "GjNcBkNZGEdK"
          ],
          "title": "Ersatzschaltbild eines Operationsverstärkers mit annotierten Quellen und Widerständen",
          "type": "canvas",
          "mime": "application/json",
          "dataFileName": "ErsatzschaltbildeinesOperation_eAYy.excalidraw",
          "notePosition": 10,
          "prefix": null,
          "isExpanded": false,
          "attributes": [],
          "children": [],
          "attachments": []
        },
        {
          "isClone": false,
          "noteId": "mIlRInMpA12r",
          "notePath": [
            "ITvmLnQxrqvY",
            "mIlRInMpA12r"
          ],
          "title": "Invertierender Verstärker Schaltplan mit Spannungen und Strömen",
          "type": "canvas",
          "mime": "application/json",
          "dataFileName": "InvertierenderVerstrkerSchaltp_qIcF.excalidraw",
          "notePosition": 10,
          "prefix": null,
          "isExpanded": false,
          "attributes": [],
          "children": [],
          "attachments": []
        },
        {
          "isClone": false,
          "noteId": "encjPnLiaWfb",
          "notePath": [
            "ITvmLnQxrqvY",
            "encjPnLiaWfb"
          ],
          "title": "Invertierender Verstärker mit Maschenstromanalyse",
          "type": "canvas",
          "mime": "application/json",
          "dataFileName": "InvertierenderVerstrkermitMasc_4IfI.excalidraw",
          "notePosition": 10,
          "prefix": null,
          "isExpanded": false,
          "attributes": [],
          "children": [],
          "attachments": []
        },
        {
          "isClone": false,
          "noteId": "BhoxM1Q3fnkN",
          "notePath": [
            "ITvmLnQxrqvY",
            "BhoxM1Q3fnkN"
          ],
          "title": "Erlaubte Masche 1: Eingangsschleife",
          "type": "canvas",
          "mime": "application/json",
          "dataFileName": "ErlaubteMasche1Eingangsschleif_gLnQ.excalidraw",
          "notePosition": 10,
          "prefix": null,
          "isExpanded": false,
          "attributes": [],
          "children": [],
          "attachments": []
        },
        {
          "isClone": false,
          "noteId": "ifrrUkxA5Qc3",
          "notePath": [
            "ITvmLnQxrqvY",
            "ifrrUkxA5Qc3"
          ],
          "title": "Erlaubte Masche 2: Rückkopplungsschleife",
          "type": "canvas",
          "mime": "application/json",
          "dataFileName": "ErlaubteMasche2Rckkopplungssch_8Dnm.excalidraw",
          "notePosition": 10,
          "prefix": null,
          "isExpanded": false,
          "attributes": [],
          "children": [],
          "attachments": []
        },
        {
          "isClone": false,
          "noteId": "hyqIU4GeW4Nl",
          "notePath": [
            "ITvmLnQxrqvY",
            "hyqIU4GeW4Nl"
          ],
          "title": "Erlaubte Masche 3: Ausgangsschleife",
          "type": "canvas",
          "mime": "application/json",
          "dataFileName": "ErlaubteMasche3Ausgangsschleif_Jwzy.excalidraw",
          "notePosition": 10,
          "prefix": null,
          "isExpanded": false,
          "attributes": [],
          "children": [],
          "attachments": []
        },
        {
          "isClone": false,
          "noteId": "PbTIryucybgp",
          "notePath": [
            "ITvmLnQxrqvY",
            "PbTIryucybgp"
          ],
          "title": "Verbotene Masche 1: Durch Eingang",
          "type": "canvas",
          "mime": "application/json",
          "dataFileName": "VerboteneMasche1DurchEingang_07VS.excalidraw",
          "notePosition": 10,
          "prefix": null,
          "isExpanded": false,
          "attributes": [],
          "children": [],
          "attachments": []
        },
        {
          "isClone": false,
          "noteId": "QTSfMsHcYVFd",
          "notePath": [
            "ITvmLnQxrqvY",
            "QTSfMsHcYVFd"
          ],
          "title": "Verbotene Masche 2: Durch OPV-Interna",
          "type": "canvas",
          "mime": "application/json",
          "dataFileName": "VerboteneMasche2DurchOPVIntern_NSGa.excalidraw",
          "notePosition": 10,
          "prefix": null,
          "isExpanded": false,
          "attributes": [],
          "children": [],
          "attachments": []
        },
        {
          "isClone": false,
          "noteId": "gzw5SdZyWb5S",
          "notePath": [
            "ITvmLnQxrqvY",
            "gzw5SdZyWb5S"
          ],
          "title": "Schaltplan eines invertierenden Addierers mit Operationsverstärker, drei Eingangsspannungen U1, U2, U3 und Widerständen",
          "type": "canvas",
          "mime": "application/json",
          "dataFileName": "SchaltplaneinesinvertierendenA_NLgg.excalidraw",
          "notePosition": 10,
          "prefix": null,
          "isExpanded": false,
          "attributes": [],
          "children": [],
          "attachments": []
        },
        {
          "isClone": false,
          "noteId": "nepxSJpObKnj",
          "notePath": [
            "ITvmLnQxrqvY",
            "nepxSJpObKnj"
          ],
          "title": "Stromgesteuerte invertierende Spannungsquelle Schaltung",
          "type": "canvas",
          "mime": "application/json",
          "dataFileName": "StromgesteuerteinvertierendeSp_IjjI.excalidraw",
          "notePosition": 10,
          "prefix": null,
          "isExpanded": false,
          "attributes": [],
          "children": [],
          "attachments": []
        },
        {
          "isClone": false,
          "noteId": "37tC3ns95SaD",
          "notePath": [
            "ITvmLnQxrqvY",
            "37tC3ns95SaD"
          ],
          "title": "Schaltung eines Spannungsfolgers mit Operationsverstärker",
          "type": "canvas",
          "mime": "application/json",
          "dataFileName": "SchaltungeinesSpannungsfolgers_c7ou.excalidraw",
          "notePosition": 10,
          "prefix": null,
          "isExpanded": false,
          "attributes": [],
          "children": [],
          "attachments": []
        },
        {
          "isClone": false,
          "noteId": "1GgRBw8T4hhW",
          "notePath": [
            "ITvmLnQxrqvY",
            "1GgRBw8T4hhW"
          ],
          "title": "Lineare Spannungsquelle mit Lastwiderstand",
          "type": "canvas",
          "mime": "application/json",
          "dataFileName": "LineareSpannungsquellemitLastw_xT2p.excalidraw",
          "notePosition": 10,
          "prefix": null,
          "isExpanded": false,
          "attributes": [],
          "children": [],
          "attachments": []
        },
        {
          "isClone": false,
          "noteId": "AztB6NNAkZLo",
          "notePath": [
            "ITvmLnQxrqvY",
            "AztB6NNAkZLo"
          ],
          "title": "Lineare Spannungsquelle mit nachfolgendem Spannungsfolger",
          "type": "canvas",
          "mime": "application/json",
          "dataFileName": "LineareSpannungsquellemitnachf_vAKy.excalidraw",
          "notePosition": 10,
          "prefix": null,
          "isExpanded": false,
          "attributes": [],
          "children": [],
          "attachments": []
        },
        {
          "isClone": false,
          "noteId": "z45Iq38U7ruu",
          "notePath": [
            "ITvmLnQxrqvY",
            "z45Iq38U7ruu"
          ],
          "title": "Schaltplan eines nichtinvertierenden Verstärkers mit Maschen M1 und M2",
          "type": "canvas",
          "mime": "application/json",
          "dataFileName": "Schaltplaneinesnichtinvertiere_2Cg5.excalidraw",
          "notePosition": 10,
          "prefix": null,
          "isExpanded": false,
          "attributes": [],
          "children": [],
          "attachments": []
        },
        {
          "isClone": false,
          "noteId": "zSbWDRFHH0Aq",
          "notePath": [
            "ITvmLnQxrqvY",
            "zSbWDRFHH0Aq"
          ],
          "title": "Differenzverstärkerschaltung mit Maschen",
          "type": "canvas",
          "mime": "application/json",
          "dataFileName": "Differenzverstrkerschaltungmit_oXHV.excalidraw",
          "notePosition": 10,
          "prefix": null,
          "isExpanded": false,
          "attributes": [],
          "children": [],
          "attachments": []
        },
        {
          "isClone": false,
          "noteId": "0gTFIphdKnGy",
          "notePath": [
            "ITvmLnQxrqvY",
            "0gTFIphdKnGy"
          ],
          "title": "Schaltung der spannungsgesteuerten Stromquelle",
          "type": "canvas",
          "mime": "application/json",
          "dataFileName": "Schaltungderspannungsgesteuert_oEg5.excalidraw",
          "notePosition": 10,
          "prefix": null,
          "isExpanded": false,
          "attributes": [],
          "children": [],
          "attachments": []
        }
      ],
      "attachments": []
    }
  ]
}