{
  "formatVersion": 2,
  "appVersion": "0.100.0",
  "files": [
    {
      "isClone": false,
      "noteId": "V3shJyzhcU3c",
      "notePath": [
        "V3shJyzhcU3c"
      ],
      "type": "text",
      "mime": "text/html",
      "format": "markdown",
      "title": "V5 lineare Gleichungssysteme, Bild, Kern",
      "notePosition": 10,
      "prefix": null,
      "isExpanded": true,
      "dataFileName": "V5_lineare_Gleichungssysteme__Bild__Kern.md",
      "dirFileName": "V5_lineare_Gleichungssysteme__Bild__Kern",
      "attributes": [],
      "children": [
        {
          "isClone": false,
          "noteId": "UOWkVduT9ETs",
          "notePath": [
            "V3shJyzhcU3c",
            "UOWkVduT9ETs"
          ],
          "title": "Diagram_1",
          "type": "canvas",
          "mime": "application/json",
          "dataFileName": "V5_lineare_Gleichungssysteme__Bild__Kern_p1_Diagram_1.excalidraw",
          "notePosition": 10,
          "prefix": null,
          "isExpanded": false,
          "attributes": [],
          "children": [],
          "attachments": []
        },
        {
          "isClone": false,
          "noteId": "WdKWAIIPqaA1",
          "notePath": [
            "V3shJyzhcU3c",
            "WdKWAIIPqaA1"
          ],
          "title": "Diagram_1",
          "type": "canvas",
          "mime": "application/json",
          "dataFileName": "V5_lineare_Gleichungssysteme__Bild__Kern_p3_Diagram_1.excalidraw",
          "notePosition": 10,
          "prefix": null,
          "isExpanded": false,
          "attributes": [],
          "children": [],
          "attachments": []
        }
      ],
      "attachments": []
    }
  ]
}