{
  "formatVersion": 2,
  "appVersion": "0.100.0",
  "files": [
    {
      "isClone": false,
      "noteId": "5thbs4FHVioD",
      "notePath": [
        "5thbs4FHVioD"
      ],
      "type": "text",
      "mime": "text/html",
      "format": "markdown",
      "title": "V7-V8 Matrixprodukt, invertierbare_inverse Matrizen, lineare Abbildungen",
      "notePosition": 10,
      "prefix": null,
      "isExpanded": true,
      "dataFileName": "V7-V8_Matrixprodukt__invertierbare_inverse_Matrizen__lineare_Abbildungen.md",
      "dirFileName": "V7-V8_Matrixprodukt__invertierbare_inverse_Matrizen__lineare_Abbildungen",
      "attributes": [],
      "children": [
        {
          "isClone": false,
          "noteId": "HF1L7BwyAZbg",
          "notePath": [
            "5thbs4FHVioD",
            "HF1L7BwyAZbg"
          ],
          "title": "DIAGRAM_Pendulum",
          "type": "canvas",
          "mime": "application/json",
          "dataFileName": "V7-V8_Matrixprodukt__invertierbare_inverse_Matrizen__lineare_Abbildungen_p4_DIAGRAM_Pendulum.excalidraw",
          "notePosition": 10,
          "prefix": null,
          "isExpanded": false,
          "attributes": [],
          "children": [],
          "attachments": []
        },
        {
          "isClone": false,
          "noteId": "IcUHfUdKamcY",
          "notePath": [
            "5thbs4FHVioD",
            "IcUHfUdKamcY"
          ],
          "title": "DIAGRAM_MappingViz",
          "type": "canvas",
          "mime": "application/json",
          "dataFileName": "V7-V8_Matrixprodukt__invertierbare_inverse_Matrizen__lineare_Abbildungen_p4_DIAGRAM_MappingViz.excalidraw",
          "notePosition": 10,
          "prefix": null,
          "isExpanded": false,
          "attributes": [],
          "children": [],
          "attachments": []
        },
        {
          "isClone": false,
          "noteId": "9WeYwJyHUTAS",
          "notePath": [
            "5thbs4FHVioD",
            "9WeYwJyHUTAS"
          ],
          "title": "DIAGRAM_Circuit_LEN",
          "type": "canvas",
          "mime": "application/json",
          "dataFileName": "V7-V8_Matrixprodukt__invertierbare_inverse_Matrizen__lineare_Abbildungen_p5_DIAGRAM_Circuit_LEN.excalidraw",
          "notePosition": 10,
          "prefix": null,
          "isExpanded": false,
          "attributes": [],
          "children": [],
          "attachments": []
        }
      ],
      "attachments": []
    }
  ]
}